Link,Name
/players/m/macksh01.html,Shelvin Mack
/players/r/roybr01.html,Brandon Roy
/players/a/anderni01.html,Nick Anderson
/players/f/fortejo01.html,Joseph Forte
/players/c/coleno01.html,Norris Cole
/players/t/trepaje01.html,Jeff Trepagnier
/players/m/muhamsh01.html,Shabazz Muhammad
/players/t/thompho01.html,Hollis Thompson
/players/w/wolkoru01.html,Ruben Wolkowyski
/players/m/morrida01.html,Darius Morris
/players/r/rautian01.html,Andy Rautins
/players/m/morroan01.html,Anthony Morrow
/players/l/lynchge01.html,George Lynch
/players/d/dixonju01.html,Juan Dixon
/players/b/burresc01.html,Scott Burrell
/players/s/storeaw01.html,Awvee Storey
/players/b/breweco01.html,Corey Brewer
/players/m/monrogr01.html,Greg Monroe
/players/m/morriad01.html,Adam Morrison
/players/s/sampsja01.html,Jamal Sampson
/players/w/wearda01.html,David Wear
/players/k/koufoko01.html,Kosta Koufos
/players/r/rentzef01.html,Efthimi Rentzias
/players/g/goudean01.html,Andrew Goudelock
/players/b/bullore01.html,Reggie Bullock
/players/i/iguodan01.html,Andre Iguodala
/players/p/parsoch01.html,Chandler Parsons
/players/w/wardch01.html,Charlie Ward
/players/g/grantho01.html,Horace Grant
/players/n/newblir01.html,Ira Newble
/players/d/dioguik01.html,Ike Diogu
/players/m/mekelga01.html,Gal Mekel
/players/o/owensbi01.html,Billy Owens
/players/b/beverpa01.html,Patrick Beverley
/players/d/delkto01.html,Tony Delk
/players/c/cabarza01.html,Zarko Cabarkapa
/players/v/vincima01.html,Marcus Vinicius
/players/m/montelu01.html,Luis Montero
/players/s/sacrero01.html,Robert Sacre
/players/c/chrisdo01.html,Doug Christie
/players/p/padgesc01.html,Scott Padgett
/players/m/mcgarmi01.html,Mitch McGary
/players/w/willije01.html,Jerome Williams
/players/j/jamisha01.html,Harold Jamison
/players/h/haywobr01.html,Brendan Haywood
/players/w/walkebi01.html,Henry Walker
/players/s/strawdj01.html,D.J. Strawberry
/players/l/lambdo01.html,Doron Lamb
/players/h/howarju01.html,Juwan Howard
/players/s/slatere01.html,Reggie Slater
/players/c/cunnija01.html,Jared Cunningham
/players/z/zellety01.html,Tyler Zeller
/players/d/drumman01.html,Andre Drummond
/players/b/bryanma01.html,Mark Bryant
/players/n/nachbbo01.html,Bostjan Nachbar
/players/w/walljo01.html,John Wall
/players/l/lopezra01.html,Raul Lopez
/players/h/healsh01.html,Shane Heal
/players/h/humphkr01.html,Kris Humphries
/players/b/barrybr01.html,Brent Barry
/players/l/luety01.html,Tyronn Lue
/players/l/langdtr01.html,Trajan Langdon
/players/b/beaslje01.html,Jerome Beasley
/players/j/jennibr01.html,Brandon Jennings
/players/n/nelsoja01.html,Jameer Nelson
/players/c/conrowi01.html,Will Conroy
/players/m/murphtr01.html,Troy Murphy
/players/m/mccarwa01.html,Walter McCarty
/players/b/basdeed01.html,Eddie Basden
/players/w/wingada01.html,David Wingate
/players/m/mccrach01.html,Chris McCray
/players/m/mcdyean01.html,Antonio McDyess
/players/s/southja01.html,James Southerland
/players/l/langja01.html,James Lang
/players/o/oquinky01.html,Kyle O'Quinn
/players/m/munfoxa02.html,Xavier Munford
/players/g/greenja01.html,JaMychal Green
/players/m/millspa01.html,Paul Millsap
/players/r/rayal01.html,Allan Ray
/players/f/foxri01.html,Rick Fox
/players/j/jacksja01.html,Jaren Jackson
/players/p/portibo01.html,Bobby Portis
/players/j/jonesdo02.html,Dominique Jones
/players/d/dayto01.html,Todd Day
/players/c/catoke01.html,Kelvin Cato
/players/d/decolna01.html,Nando De Colo
/players/m/moreler01.html,Eric Moreland
/players/p/pendeje02.html,Jeff Ayres
/players/s/smithto02.html,Tony Smith
/players/g/gordodr01.html,Drew Gordon
/players/d/douglch01.html,Chris Douglas-Roberts
/players/s/senesa01.html,Mouhamed Sene
/players/c/cokerjo01.html,John Coker
/players/b/burketr01.html,Trey Burke
/players/m/moultar01.html,Arnett Moultrie
/players/h/harrijo01.html,Joe Harris
/players/b/blatcan01.html,Andray Blatche
/players/k/ketnela01.html,Lari Ketner
/players/m/mashbja01.html,Jamal Mashburn
/players/c/carnero01.html,Rodney Carney
/players/e/evansma01.html,Maurice Evans
/players/h/hawkiju01.html,Juaquin Hawkins
/players/b/bryanko01.html,K. Bryant
/players/d/diawaya01.html,Yakhouba Diawara
/players/o/obryapa01.html,Patrick O'Bryant
/players/m/millspa02.html,Patrick Mills
/players/m/mbahalu01.html,Luc Mbah a Moute
/players/j/jeffeal01.html,Al Jefferson
/players/b/brownke01.html,Kedrick Brown
/players/g/gardnth01.html,Thomas Gardner
/players/d/dienggo01.html,Gorgui Dieng
/players/p/princta01.html,Tayshaun Prince
/players/r/rodrise01.html,Sergio Rodriguez
/players/c/casspom01.html,Omri Casspi
/players/m/millsel01.html,Elijah Millsap
/players/k/kinseta01.html,Tarence Kinsey
/players/p/penbemi01.html,Mike Penberthy
/players/r/reedju01.html,Justin Reed
/players/h/hastoki01.html,Kirk Haston
/players/t/thomake01.html,Kenny Thomas
/players/j/jeffech01.html,Chris Jefferies
/players/p/petrojo01.html,Johan Petro
/players/b/barkler01.html,Erick Barkley
/players/h/hamilta01.html,Tang Hamilton
/players/d/dialde01.html,Derrick Dial
/players/s/sowpa01.html,Pape Sow
/players/a/alabiso01.html,Solomon Alabi
/players/b/bakerma01.html,Maurice Baker
/players/l/ledori01.html,Ricky Ledo
/players/b/brownsh01.html,Shannon Brown
/players/t/tayloje02.html,Jermaine Taylor
/players/m/maxweve01.html,Vernon Maxwell
/players/m/masonde01.html,Desmond Mason
/players/t/thomala01.html,Lance Thomas
/players/h/hensojo01.html,John Henson
/players/g/griffbl01.html,Blake Griffin
/players/p/pattepa01.html,Patrick Patterson
/players/w/walkean02.html,Antoine Walker
/players/n/newmajo01.html,Johnny Newman
/players/h/hillso01.html,Solomon Hill
/players/c/covinro01.html,Robert Covington
/players/p/popema01.html,Mark Pope
/players/h/holliry01.html,Ryan Hollins
/players/s/smithru01.html,Russ Smith
/players/b/batises01.html,Esteban Batista
/players/t/toupaax01.html,Axel Toupane
/players/c/currymi01.html,Michael Curry
/players/p/perkisa01.html,Sam Perkins
/players/r/robincl02.html,Clifford Robinson
/players/j/johnser02.html,Ervin Johnson
/players/t/taylodo01.html,Donell Taylor
/players/s/swiftst01.html,Stromile Swift
/players/b/battito01.html,Tony Battie
/players/j/johnsav01.html,Avery Johnson
/players/a/ayongu01.html,Gustavo Ayon
/players/t/thompmy02.html,Mychel Thompson
/players/s/simmobo01.html,Bobby Simmons
/players/o/owensan01.html,Andre Owens
/players/b/borchcu01.html,Curtis Borchardt
/players/h/hawessp01.html,Spencer Hawes
/players/h/herrech01.html,Chris Herren
/players/f/favervi01.html,Vitor Faverani
/players/o/olynyke01.html,Kelly Olynyk
/players/s/smithis01.html,Ish Smith
/players/o/ohlbrti01.html,Tim Ohlbrecht
/players/g/gainere01.html,Reece Gaines
/players/d/daniema01.html,Marquis Daniels
/players/s/singlja01.html,James Singleton
/players/h/hansetr01.html,Travis Hansen
/players/s/simiewa01.html,Wayne Simien
/players/a/andrima01.html,Martynas Andriuskevicius
/players/h/huntebr01.html,Brandon Hunter
/players/m/mcleoro01.html,Roshown McLeod
/players/o/overtdo01.html,Doug Overton
/players/l/livinra01.html,Randy Livingston
/players/p/persowe01.html,Wesley Person
/players/j/jasiksa01.html,Sarunas Jasikevicius
/players/c/cleavma01.html,Mateen Cleaves
/players/b/breweja01.html,Jamison Brewer
/players/k/kilpase01.html,Sean Kilpatrick
/players/w/wrighbr02.html,Bracey Wright
/players/r/rosste01.html,Terrence Ross
/players/c/collida01.html,Darren Collison
/players/h/hunteli01.html,Lindsey Hunter
/players/w/willish02.html,Shelden Williams
/players/c/conlemi01.html,Mike Conley
/players/i/irvinky01.html,Kyrie Irving
/players/p/parkean01.html,Anthony Parker
/players/d/dragizo01.html,Zoran Dragic
/players/w/willide02.html,Derrick Williams
/players/e/edwarco01.html,Corsley Edwards
/players/e/eisleho01.html,Howard Eisley
/players/b/bellra01.html,Raja Bell
/players/p/prigipa01.html,Pablo Prigioni
/players/a/aldrico01.html,Cole Aldrich
/players/d/davispa01.html,Paul Davis
/players/w/williel01.html,Elliot Williams
/players/h/hibbero01.html,Roy Hibbert
/players/g/goodrst01.html,Steve Goodrich
/players/p/portete01.html,Terry Porter
/players/m/mcphepa01.html,Paul McPherson
/players/l/lawsoty01.html,Ty Lawson
/players/d/danieer01.html,Erik Daniels
/players/s/stephdj01.html,D.J. Stephens
/players/e/ellinwa01.html,Wayne Ellington
/players/s/schrode01.html,Dennis Schroder
/players/s/sampsja02.html,JaKarr Sampson
/players/m/millste01.html,Terry Mills
/players/c/crawfch01.html,Chris Crawford
/players/k/kleizli01.html,Linas Kleiza
/players/g/garredi02.html,Diante Garrett
/players/b/buyckdw01.html,Dwight Buycks
/players/t/thomais02.html,Isaiah Thomas
/players/d/dawsobr01.html,Branden Dawson
/players/w/walkeke02.html,Kemba Walker
/players/e/ennisty01.html,Tyler Ennis
/players/v/vasqugr01.html,Greivis Vasquez
/players/r/recasel01.html,Eldridge Recasner
/players/a/arthuda01.html,Darrell Arthur
/players/w/willima04.html,Marcus Williams
/players/g/giricgo01.html,Gordan Giricek
/players/w/whitedj01.html,D.J. White
/players/o/owensla01.html,Larry Owens
/players/s/stephla01.html,Lance Stephenson
/players/c/crawfja01.html,Jamal Crawford
/players/b/brownan01.html,Andre Brown
/players/p/pargoje01.html,Jeremy Pargo
/players/d/davidje01.html,Jermareo Davidson
/players/m/moblecu01.html,Cuttino Mobley
/players/a/anderja01.html,James Anderson
/players/b/babbilu01.html,Luke Babbitt
/players/m/mcculch01.html,Chris McCullough
/players/r/robinna01.html,Nate Robinson
/players/p/palacmi01.html,Milt Palacio
/players/p/patteru01.html,Ruben Patterson
/players/h/hobsoda01.html,Darington Hobson
/players/g/grahast01.html,Stephen Graham
/players/a/almonmo01.html,Morris Almond
/players/d/dukandu01.html,Duje Dukan
/players/w/willija02.html,Jason Williams
/players/l/leonaka01.html,Kawhi Leonard
/players/r/roberte01.html,Terrance Roberson
/players/s/smithch04.html,Charles Smith
/players/f/fowlktr01.html,Tremaine Fowlkes
/players/s/stokeja01.html,Jarnell Stokes
/players/m/moniase01.html,Sergei Monia
/players/t/turneev01.html,Evan Turner
/players/h/harprma01.html,Matt Harpring
/players/h/hayesja01.html,Jarvis Hayes
/players/u/udohek01.html,Ekpe Udoh
/players/m/mulleby01.html,Byron Mullens
/players/r/richaqu01.html,Quentin Richardson
/players/r/reevebr01.html,Bryant Reeves
/players/s/smithle01.html,Leon Smith
/players/h/haddaha01.html,Hamed Haddadi
/players/b/bynumwi01.html,Will Bynum
/players/o/ortonda01.html,Daniel Orton
/players/m/mejrisa01.html,Salah Mejri
/players/b/batismi01.html,Mike Batiste
/players/w/wilksmi01.html,Mike Wilks
/players/d/dudleja01.html,Jared Dudley
/players/l/lopezbr01.html,Brook Lopez
/players/m/martida01.html,Darrick Martin
/players/p/pondequ01.html,Quincy Pondexter
/players/h/hoibefr01.html,Fred Hoiberg
/players/p/pankoan01.html,Andy Panko
/players/b/beaubro01.html,Rodrigue Beaubois
/players/s/sefolth01.html,Thabo Sefolosha
/players/n/navarju01.html,Juan Carlos Navarro
/players/r/rossqu01.html,Quinton Ross
/players/l/lewisra02.html,Rashard Lewis
/players/w/whitero03.html,Royce White
/players/b/boonejo01.html,Josh Boone
/players/l/lopezfe01.html,Felipe Lopez
/players/j/jianlyi01.html,Yi Jianlian
/players/l/lafayol01.html,Oliver Lafayette
/players/j/jordade01.html,DeAndre Jordan
/players/p/peelean01.html,Anthony Peeler
/players/h/hudsole01.html,Lester Hudson
/players/e/edwarjo01.html,John Edwards
/players/f/fordtj01.html,T.J. Ford
/players/m/mirotni01.html,Nikola Mirotic
/players/y/youngsa01.html,Sam Young
/players/r/robingl02.html,Glenn Robinson
/players/l/landrca01.html,Carl Landry
/players/a/arenagi01.html,Gilbert Arenas
/players/h/harrito02.html,Tobias Harris
/players/m/marbust01.html,Stephon Marbury
/players/d/douglsh01.html,Sherman Douglas
/players/s/stojape01.html,Peja Stojakovic
/players/w/walshma01.html,Matt Walsh
/players/v/vardara01.html,Ratko Varda
/players/g/grantga01.html,Gary Grant
/players/a/alexaco02.html,Courtney Alexander
/players/a/antetgi01.html,Giannis Antetokounmpo
/players/g/gasolpa01.html,Pau Gasol
/players/b/billuch01.html,Chauncey Billups
/players/e/ewingda01.html,Daniel Ewing
/players/a/alexajo01.html,Joe Alexander
/players/g/gortama01.html,Marcin Gortat
/players/s/sasseje01.html,Jeryl Sasser
/players/e/ennisja01.html,James Ennis
/players/j/josepco01.html,Cory Joseph
/players/j/jonesda01.html,Damon Jones
/players/h/harriaa01.html,Aaron Harrison
/players/c/cartevi01.html,Vince Carter
/players/r/robinda01.html,David Robinson
/players/o/oaklech01.html,Charles Oakley
/players/d/davisjo02.html,Josh Davis
/players/a/anderke01.html,Kenny Anderson
/players/a/araujra01.html,Rafael Araujo
/players/j/johnsst04.html,Stanley Johnson
/players/w/warrewi01.html,Willie Warren
/players/m/mccalra01.html,Ray McCallum
/players/e/edneyty01.html,Tyus Edney
/players/n/najered01.html,Eduardo Najera
/players/f/finlemi01.html,Michael Finley
/players/m/murratr01.html,Tracy Murray
/players/c/connapa01.html,Pat Connaughton
/players/m/mclembe01.html,Ben McLemore
/players/m/martike02.html,Kevin Martin
/players/m/macksa01.html,Sam Mack
/players/o/olivede01.html,Dean Oliver
/players/j/jonesed02.html,Eddie Jones
/players/o/obryajo01.html,Johnny O'Bryant
/players/b/belltr01.html,Troy Bell
/players/v/varnaja01.html,Jarvis Varnado
/players/r/rosema01.html,Malik Rose
/players/e/ebind01.html,Ndudi Ebi
/players/b/benoida01.html,David Benoit
/players/h/hawkimi01.html,Michael Hawkins
/players/r/ridnolu01.html,Luke Ridnour
/players/c/cookom01.html,Omar Cook
/players/h/hitero01.html,Robert Hite
/players/r/randoza01.html,Zach Randolph
/players/b/bookede01.html,Devin Booker
/players/j/jamesje01.html,Jerome James
/players/b/buforro01.html,Rodney Buford
/players/t/tinslja01.html,Jamaal Tinsley
/players/w/watkida01.html,Darryl Watkins
/players/f/felixca01.html,Carrick Felix
/players/c/crowdja01.html,Jae Crowder
/players/c/cheanca01.html,Calbert Cheaney
/players/g/griffta01.html,Taylor Griffin
/players/s/sullija01.html,Jared Sullinger
/players/w/wellsbo01.html,Bonzi Wells
/players/p/powele01.html,Leon Powe
/players/h/haislma01.html,Marcus Haislip
/players/d/davishu01.html,Hubert Davis
/players/a/alexavi01.html,Victor Alexander
/players/g/georgpa01.html,Paul George
/players/g/greenje02.html,Jeff Green
/players/p/planizo01.html,Zoran Planinic
/players/m/macklve01.html,Vernon Macklin
/players/h/hinriki01.html,Kirk Hinrich
/players/d/dayeau01.html,Austin Daye
/players/z/zimmede01.html,Derrick Zimmerman
/players/b/bareajo01.html,J.J. Barea
/players/f/forbega01.html,Gary Forbes
/players/e/ellismo01.html,Monta Ellis
/players/h/horfoal01.html,Al Horford
/players/g/greendo01.html,Donte Greene
/players/h/huntest01.html,Steven Hunter
/players/c/collini01.html,Nick Collison
/players/b/brookma01.html,MarShon Brooks
/players/o/odengr01.html,Greg Oden
/players/b/brookaa01.html,Aaron Brooks
/players/s/singlse01.html,Sean Singletary
/players/c/curryed01.html,Eddy Curry
/players/r/rooksse01.html,Sean Rooks
/players/a/alexacl01.html,Cliff Alexander
/players/c/carroma01.html,Matt Carroll
/players/j/johnsbr01.html,Britton Johnsen
/players/h/harriot01.html,Othella Harrington
/players/r/rosede01.html,Derrick Rose
/players/j/jonesde01.html,DeQuan Jones
/players/w/wallajo01.html,John Wallace
/players/s/szczewa02.html,Wally Szczerbiak
/players/w/wesleda01.html,David Wesley
/players/f/fishede01.html,Derek Fisher
/players/s/sharpwa01.html,Walter Sharpe
/players/s/seungha01.html,Ha Seung-Jin
/players/k/karlco01.html,Coby Karl
/players/f/fournev01.html,Evan Fournier
/players/d/dudlech02.html,Chris Dudley
/players/a/anderch01.html,Chris Andersen
/players/d/davisda01.html,Dale Davis
/players/j/johnsca01.html,Carldell Johnson
/players/f/farieke01.html,Kenneth Faried
/players/f/fitchge01.html,Gerald Fitch
/players/k/karasse01.html,Sergey Karasev
/players/b/bazemke01.html,Kent Bazemore
/players/b/bibbymi01.html,Mike Bibby
/players/g/garripa01.html,Pat Garrity
/players/l/longar01.html,Art Long
/players/h/humphry01.html,Ryan Humphrey
/players/m/matthwe02.html,Wesley Matthews
/players/g/grayaa01.html,Aaron Gray
/players/r/ricegl02.html,Glen Rice
/players/b/brownda02.html,Damone Brown
/players/d/drewla02.html,Larry Drew
/players/b/brownja01.html,Jabari Brown
/players/o/outlabo01.html,Bo Outlaw
/players/w/willima03.html,Marcus Williams
/players/b/brownan02.html,Anthony Brown
/players/u/udokaim01.html,Ime Udoka
/players/g/grahajo01.html,Joey Graham
/players/c/cookbr01.html,Brian Cook
/players/m/mckeyde01.html,Derrick McKey
/players/c/claxtsp01.html,Speedy Claxton
/players/s/stronde01.html,Derek Strong
/players/g/gayru01.html,Rudy Gay
/players/c/carlige01.html,Geno Carlisle
/players/h/huntech01.html,Chris Hunter
/players/s/simshe01.html,Henry Sims
/players/c/cousima01.html,Marcus Cousin
/players/w/winslju01.html,Justise Winslow
/players/e/engliki01.html,Kim English
/players/d/diawbo01.html,Boris Diaw
/players/d/davisgl01.html,Glen Davis
/players/n/ndiayma02.html,Mamadou N'Diaye
/players/f/fortsda01.html,Danny Fortson
/players/j/johnsda03.html,Darius Johnson-Odom
/players/j/jeffeco01.html,Cory Jefferson
/players/h/hunterj01.html,R.J. Hunter
/players/t/townska01.html,Karl-Anthony Towns
/players/b/bendejo01.html,Jonathan Bender
/players/f/fraziti01.html,Tim Frazier
/players/s/skinnbr01.html,Brian Skinner
/players/h/harremo01.html,Montrezl Harrell
/players/s/shengto01.html,Tornike Shengelia
/players/o/owensch01.html,Chris Owens
/players/b/byarsde01.html,Derrick Byars
/players/r/reedwi02.html,Willie Reed
/players/s/surabo01.html,Bob Sura
/players/h/headlu01.html,Luther Head
/players/j/jeffeot01.html,Othyus Jeffers
/players/d/diazgu01.html,Guillermo Diaz
/players/r/roziete01.html,Terry Rozier
/players/g/gilled01.html,Eddie Gill
/players/e/ewingpa02.html,Patrick Ewing
/players/a/aldrila01.html,LaMarcus Aldridge
/players/k/kennedj01.html,D.J. Kennedy
/players/a/adrieje01.html,Jeff Adrien
/players/a/adamsha01.html,Hassan Adams
/players/t/tarladr01.html,Dragan Tarlac
/players/t/tollian01.html,Anthony Tolliver
/players/w/willilo02.html,Lou Williams
/players/l/lenal01.html,Alex Len
/players/j/jonesdw02.html,Dwayne Jones
/players/h/horryro01.html,Robert Horry
/players/h/haywago01.html,Gordon Hayward
/players/m/medvest01.html,Stanislav Medvedenko
/players/j/jerebjo01.html,Jonas Jerebko
/players/p/pruitga01.html,Gabe Pruitt
/players/h/hayesch01.html,Chuck Hayes
/players/j/johnsar02.html,Armon Johnson
/players/n/ndongbo01.html,Boniface N'Dong
/players/w/woodch01.html,Christian Wood
/players/w/woltena01.html,Nate Wolters
/players/t/tabakza01.html,Zan Tabak
/players/c/crispjo01.html,Joe Crispin
/players/h/huestjo01.html,Josh Huestis
/players/i/iveyro01.html,Royal Ivey
/players/h/hezonma01.html,Mario Hezonja
/players/g/garnech01.html,Chris Garner
/players/w/wrighan01.html,Antoine Wright
/players/s/stoudda01.html,Damon Stoudamire
/players/f/fullehi01.html,Hiram Fuller
/players/g/grantje01.html,Jerami Grant
/players/b/bowenbr01.html,Bruce Bowen
/players/b/brownde01.html,Dee Brown
/players/j/jokicni01.html,Nikola Jokic
/players/p/pippesc01.html,Scottie Pippen
/players/r/radulmi01.html,Miroslav Raduljica
/players/n/nailole01.html,Lee Nailon
/players/s/speigma01.html,Marreese Speights
/players/d/dienetr01.html,Travis Diener
/players/s/scaleal01.html,Alex Scales
/players/l/liggide01.html,DeAndre Liggins
/players/m/mccloge01.html,George McCloud
/players/w/willima02.html,Marvin Williams
/players/w/williju01.html,Justin Williams
/players/l/lewisqu01.html,Quincy Lewis
/players/l/laettch01.html,Christian Laettner
/players/d/derozde01.html,DeMar DeRozan
/players/w/westda01.html,David West
/players/r/russeda01.html,D'Angelo Russell
/players/a/arizatr01.html,Trevor Ariza
/players/h/harriga01.html,Gary Harris
/players/w/webbech01.html,Chris Webber
/players/m/milicda01.html,Darko Milicic
/players/b/barroea01.html,Earl Barron
/players/j/josepga01.html,Garth Joseph
/players/t/tayloma01.html,Maurice Taylor
/players/m/mayooj01.html,O.J. Mayo
/players/h/hamilri01.html,Richard Hamilton
/players/b/baxtelo01.html,Lonny Baxter
/players/b/braggto01.html,Torraye Braggs
/players/m/marksse01.html,Sean Marks
/players/a/abdursh01.html,Shareef Abdur-Rahim
/players/k/kamanch01.html,Chris Kaman
/players/s/solomwi01.html,Will Solomon
/players/k/kanteen01.html,Enes Kanter
/players/h/hendege02.html,Gerald Henderson
/players/j/jacksce01.html,Cedric Jackson
/players/m/madsema01.html,Mark Madsen
/players/k/knightr01.html,Travis Knight
/players/g/gasolma01.html,Marc Gasol
/players/j/johnsch04.html,Chris Johnson
/players/s/sabonar01.html,Arvydas Sabonis
/players/t/turiaro01.html,Ronny Turiaf
/players/s/schenlu01.html,Luke Schenscher
/players/e/elyme01.html,Melvin Ely
/players/k/kellyry01.html,Ryan Kelly
/players/r/rushbr01.html,Brandon Rush
/players/j/jacksbo01.html,Bobby Jackson
/players/g/grantbr01.html,Brian Grant
/players/y/yarbrvi01.html,Vincent Yarbrough
/players/b/buechju01.html,Jud Buechler
/players/v/vanteda01.html,David Vanterpool
/players/s/salmojo01.html,John Salmons
/players/m/mullich01.html,Chris Mullin
/players/g/goberru01.html,Rudy Gobert
/players/w/willico02.html,Corliss Williamson
/players/g/garcifr01.html,Francisco Garcia
/players/b/bateeme01.html,Mengke Bateer
/players/r/ratlith01.html,Theo Ratliff
/players/o/onealsh01.html,Shaquille O'Neal
/players/a/anthoca01.html,Carmelo Anthony
/players/p/pecheol01.html,Oleksiy Pecherov
/players/w/wareca01.html,Casper Ware
/players/g/greendr01.html,Draymond Green
/players/e/eschmev01.html,Evan Eschmeyer
/players/s/smithgr02.html,Greg Smith
/players/r/reiddo01.html,Don Reid
/players/w/willier01.html,Eric Williams
/players/s/smithst01.html,Steve Smith
/players/p/penigde01.html,Desmond Penigar
/players/a/amaecjo01.html,John Amaechi
/players/t/thomaet01.html,Etan Thomas
/players/p/paytoga01.html,Gary Payton
/players/p/perduwi01.html,Will Perdue
/players/s/spencfe01.html,Felton Spencer
/players/p/perkike01.html,Kendrick Perkins
/players/v/vucevni01.html,Nikola Vucevic
/players/t/thompkl01.html,Klay Thompson
/players/k/knighbr02.html,Brandin Knight
/players/g/garrede01.html,Dean Garrett
/players/r/roberbr01.html,Brian Roberts
/players/q/quinnch01.html,Chris Quinn
/players/w/wadedw01.html,Dwyane Wade
/players/g/garneke01.html,K. Garnett
/players/s/splitti01.html,Tiago Splitter
/players/e/elamikh01.html,Khalid El-Amin
/players/j/jenkiho01.html,Horace Jenkins
/players/s/stockda01.html,David Stockton
/players/d/duranke01.html,K. Durant
/players/j/jonesma03.html,Mark Jones
/players/h/hallmi01.html,Mike Hall
/players/c/childch01.html,Chris Childs
/players/m/mccasam01.html,Amal McCaskill
/players/g/greenge01.html,Gerald Green
/players/h/howardw01.html,D. Howard
/players/s/stewami01.html,Michael Stewart
/players/d/dampier01.html,Erick Dampier
/players/n/nelsode01.html,DeMarcus Nelson
/players/w/whiteja02.html,James White
/players/g/ginobma01.html,Manu Ginobili
/players/f/feliccr01.html,Cristiano Felicio
/players/m/majorre01.html,Renaldo Major
/players/m/mcleoke01.html,Keith McLeod
/players/j/jonespo01.html,Popeye Jones
/players/y/youngni01.html,Nick Young
/players/m/murraro01.html,Ronald Murray
/players/t/taylomi01.html,Mike Taylor
/players/s/shvedal01.html,Alexey Shved
/players/l/lafrera01.html,Raef LaFrentz
/players/f/fazekni01.html,Nick Fazekas
/players/m/mensapo01.html,Pops Mensah-Bonsu
/players/m/middlkh01.html,Khris Middleton
/players/m/mbengdj01.html,Didier Ilunga-Mbenga
/players/z/zhizhwa01.html,Wang Zhizhi
/players/t/thomati01.html,Tim Thomas
/players/h/hansbbe01.html,Ben Hansbrough
/players/r/randoan01.html,Anthony Randolph
/players/h/hansbty01.html,Tyler Hansbrough
/players/p/pachuza01.html,Zaza Pachulia
/players/j/jacobsa01.html,Sam Jacobson
/players/h/hoodro01.html,Rodney Hood
/players/t/tavarwa01.html,Walter Tavares
/players/m/muscami01.html,Mike Muscala
/players/g/gallola01.html,Langston Galloway
/players/f/farmajo01.html,Jordan Farmar
/players/j/jacksji01.html,Jim Jackson
/players/b/bynuman01.html,Andrew Bynum
/players/e/edwarke01.html,Kevin Edwards
/players/s/stackje01.html,Jerry Stackhouse
/players/a/anticpe01.html,Pero Antic
/players/r/reidry01.html,Ryan Reid
/players/b/blalowi01.html,Will Blalock
/players/c/cookda02.html,Daequan Cook
/players/t/tayloty01.html,Tyshawn Taylor
/players/j/jamesmi01.html,Mike James
/players/w/williwa02.html,Walt Williams
/players/n/noahjo01.html,Joakim Noah
/players/b/bradlsh01.html,Shawn Bradley
/players/l/loveke01.html,Kevin Love
/players/w/wrighju01.html,Julian Wright
/players/p/packro01.html,Robert Pack
/players/p/powelro01.html,Roger Powell
/players/m/mihmch01.html,Chris Mihm
/players/s/schrede01.html,Detlef Schrempf
/players/j/johnske03.html,Ken Johnson
/players/s/smithjo02.html,Joe Smith
/players/h/hamda01.html,Darvin Ham
/players/o/onealje01.html,Jermaine O'Neal
/players/p/porteot01.html,Otto Porter
/players/a/acyqu01.html,Quincy Acy
/players/f/fieldla01.html,Landry Fields
/players/a/augmost01.html,Stacey Augmon
/players/w/wroteto01.html,Tony Wroten
/players/m/machasc01.html,Scott Machado
/players/m/millequ01.html,Quincy Miller
/players/a/augusdj01.html,D.J. Augustin
/players/j/jenkich01.html,Charles Jenkins
/players/b/brandte01.html,Terrell Brandon
/players/o/obertfa01.html,Fabricio Oberto
/players/s/smithcr01.html,Craig Smith
/players/t/thomajo02.html,John Thomas
/players/d/datomlu01.html,Luigi Datome
/players/b/balkmre01.html,Renaldo Balkman
/players/c/cardibr01.html,Brian Cardinal
/players/m/maynoer01.html,Eric Maynor
/players/w/whiteja01.html,Jahidi White
/players/g/gaide01.html,Deng Gai
/players/r/rogerca01.html,Carlos Rogers
/players/d/dejeabr01.html,Bryce Dejean-Jones
/players/p/pleisti01.html,Tibor Pleiss
/players/p/perovko01.html,Kosta Perovic
/players/w/walkesa01.html,Samaki Walker
/players/c/curryja01.html,JamesOn Curry
/players/m/mccanra01.html,Rashad McCants
/players/a/azubuke01.html,Kelenna Azubuike
/players/p/porzikr01.html,Kristaps Porzingis
/players/m/mayse01.html,Sean May
/players/d/doleami01.html,Michael Doleac
/players/w/willire02.html,Reggie Williams
/players/c/capelca01.html,Clint Capela
/players/b/bradlmi01.html,Michael Bradley
/players/b/boguemu01.html,Muggsy Bogues
/players/r/robinja03.html,Jamal Robinson
/players/b/blairde01.html,DeJuan Blair
/players/h/hendeal01.html,Alan Henderson
/players/v/valanjo01.html,Jonas Valanciunas
/players/h/harklma01.html,Maurice Harkless
/players/y/youngja01.html,James Young
/players/g/gainesu01.html,Sundiata Gaines
/players/w/wallabe01.html,Ben Wallace
/players/h/hillst01.html,Steven Hill
/players/s/smithdo04.html,Donta Smith
/players/f/ferryda01.html,Danny Ferry
/players/w/whitero02.html,Rodney White
/players/m/masseto01.html,Tony Massenburg
/players/r/rudezda01.html,Damjan Rudez
/players/p/parksch02.html,Cherokee Parks
/players/g/grantje02.html,Jerian Grant
/players/h/honeyty01.html,Tyler Honeycutt
/players/s/stoneju01.html,Julyan Stone
/players/r/randlju01.html,Julius Randle
/players/s/sypa01.html,Pape Sy
/players/f/fundela01.html,Lawrence Funderburke
/players/j/jacksre01.html,Reggie Jackson
/players/s/smartma01.html,Marcus Smart
/players/s/stausni01.html,Nik Stauskas
/players/m/murpher01.html,Erik Murphy
/players/j/jacksda01.html,Darnell Jackson
/players/e/evansje01.html,Jeremy Evans
/players/f/foyera01.html,Randy Foye
/players/v/vaughlo01.html,Loy Vaught
/players/f/feickja01.html,Jamie Feick
/players/i/inglida01.html,Damien Inglis
/players/s/selbyjo01.html,Josh Selby
/players/a/aldemfu01.html,Furkan Aldemir
/players/g/grundan01.html,Anthony Grundy
/players/g/garcial01.html,Alex Garcia
/players/h/hawkihe01.html,Hersey Hawkins
/players/c/cooleja01.html,Jack Cooley
/players/f/florelu01.html,Luis Flores
/players/b/baynear01.html,Aron Baynes
/players/h/houstal01.html,Allan Houston
/players/k/kingge02.html,Gerard King
/players/b/brownra02.html,Randy Brown
/players/b/brownlo01.html,Lorenzo Brown
/players/b/brunsri01.html,Rick Brunson
/players/c/cartemi01.html,Michael Carter-Williams
/players/s/swiftro01.html,Robert Swift
/players/w/willijo03.html,Jordan Williams
/players/c/caulewi01.html,Willie Cauley-Stein
/players/w/westma02.html,Mario West
/players/j/johnsch03.html,Chris Johnson
/players/a/ackeral01.html,Alex Acker
/players/d/dysonje01.html,Jerome Dyson
/players/c/cassesa01.html,Sam Cassell
/players/h/hicksjj01.html,J.J. Hickson
/players/n/nichode01.html,Demetris Nichols
/players/a/aminual01.html,Al-Farouq Aminu
/players/h/hopsosc01.html,Scotty Hopson
/players/c/clarkke01.html,Keon Clark
/players/w/willish03.html,Shawne Williams
/players/b/butleca01.html,Caron Butler
/players/b/blackta01.html,Tarik Black
/players/c/chrispa01.html,Patrick Christopher
/players/n/noelda01.html,David Noel
/players/d/divacvl01.html,Vlade Divac
/players/l/leeco01.html,Courtney Lee
/players/j/jerregr01.html,Grant Jerrett
/players/m/millean01.html,Anthony Miller
/players/s/shakumu01.html,Mustafa Shakur
/players/m/mcrobjo01.html,Josh McRoberts
/players/b/blounco01.html,Corie Blount
/players/g/greerly01.html,Lynn Greer
/players/t/templga01.html,Garrett Temple
/players/j/joneske01.html,Kevin Jones
/players/p/podkopa01.html,Pavel Podkolzin
/players/t/teletmi01.html,Mirza Teletovic
/players/d/dawsoer01.html,Eric Dawson
/players/g/goodedr01.html,Drew Gooden
/players/h/holcora01.html,Randy Holcomb
/players/s/smithno01.html,Nolan Smith
/players/j/johnsam01.html,Amir Johnson
/players/w/wiggian01.html,Andrew Wiggins
/players/f/fulleto02.html,Todd Fuller
/players/p/parkeja01.html,Jabari Parker
/players/f/fotsian01.html,Antonis Fotsis
/players/a/agerma01.html,Maurice Ager
/players/t/telfase01.html,Sebastian Telfair
/players/h/hillge01.html,George Hill
/players/p/postela01.html,Lavor Postell
/players/m/morrira01.html,Randolph Morris
/players/p/przybjo01.html,Joel Przybilla
/players/b/butlemi02.html,Mitchell Butler
/players/t/thomama01.html,Malcolm Thomas
/players/o/ostergr01.html,Greg Ostertag
/players/n/nealga01.html,Gary Neal
/players/s/sambch01.html,Cheikh Samb
/players/m/melofa01.html,Fab Melo
/players/r/rakocig01.html,Igor Rakocevic
/players/s/starkjo01.html,John Starks
/players/c/colsose01.html,Sean Colson
/players/f/francst01.html,Steve Francis
/players/j/jordaje01.html,Jerome Jordan
/players/h/haranlu01.html,Luke Harangody
/players/m/mercero01.html,Ron Mercer
/players/a/andersh01.html,Shandon Anderson
/players/d/dunlemi02.html,Mike Dunleavy
/players/f/freijma01.html,Matt Freije
/players/s/smithja02.html,Jason Smith
/players/v/vaughra01.html,Rashad Vaughn
/players/o/okurme01.html,Mehmet Okur
/players/w/wilkida02.html,Damien Wilkins
/players/m/mcadoja01.html,James Michael McAdoo
/players/d/dekkesa01.html,Sam Dekker
/players/s/simmoce01.html,Cedric Simmons
/players/f/flynnjo01.html,Jonny Flynn
/players/j/johnsty01.html,Tyler Johnson
/players/j/johnsli01.html,Linton Johnson
/players/b/bagarda01.html,Dalibor Bagaric
/players/p/petermo01.html,Morris Peterson
/players/b/barbole01.html,Leandro Barbosa
/players/j/jefferi01.html,Richard Jefferson
/players/w/willial03.html,Alan Williams
/players/r/robingl01.html,Glenn Robinson
/players/d/daniean01.html,Antonio Daniels
/players/n/nurkiju01.html,Jusuf Nurkic
/players/s/slokaur01.html,Uros Slokar
/players/m/moisoje01.html,Jerome Moiso
/players/f/favorde01.html,Derrick Favors
/players/m/masonan01.html,Anthony Mason
/players/r/rushka01.html,Kareem Rush
/players/m/montrer01.html,Eric Montross
/players/a/anderde01.html,Derek Anderson
/players/w/willifr02.html,Frank Williams
/players/i/iversal01.html,Allen Iverson
/players/r/rubiori01.html,Ricky Rubio
/players/s/sprewla01.html,Latrell Sprewell
/players/d/doubyqu01.html,Quincy Douby
/players/b/bayleje01.html,Jerryd Bayless
/players/c/curryst01.html,S. Curry
/players/l/lopezro01.html,Robin Lopez
/players/d/davisan02.html,Anthony Davis
/players/z/zelleco01.html,Cody Zeller
/players/f/fosteje01.html,Jeff Foster
/players/v/vranesl01.html,Slavko Vranes
/players/j/jonesbo02.html,Bobby Jones
/players/k/krstine01.html,Nenad Krstic
/players/c/clarkia01.html,Ian Clark
/players/b/bellch01.html,Charlie Bell
/players/s/stevede01.html,DeShawn Stevenson
/players/d/davisem01.html,Emanual Davis
/players/c/curryse01.html,Seth Curry
/players/o/odomla01.html,Lamar Odom
/players/h/hassetr01.html,Trenton Hassell
/players/c/cebalce01.html,Cedric Ceballos
/players/h/harriju01.html,Junior Harrington
/players/g/greenor01.html,Orien Greene
/players/o/onuakar01.html,Arinze Onuaku
/players/m/mcilvji01.html,Jim McIlvaine
/players/g/gordoaa01.html,Aaron Gordon
/players/c/collija02.html,Jason Collier
/players/h/hodgeju01.html,Julius Hodge
/players/s/shumpim01.html,Iman Shumpert
/players/h/harpero01.html,Ron Harper
/players/m/murrala01.html,Lamond Murray
/players/j/johnswe01.html,Wesley Johnson
/players/l/lucaska01.html,Kalin Lucas
/players/k/kirkal01.html,Alex Kirk
/players/a/anderda03.html,David Andersen
/players/l/livinsh01.html,Shaun Livingston
/players/s/stricma01.html,Mark Strickland
/players/d/delnevi01.html,Vinny Del Negro
/players/h/hartja01.html,Jason Hart
/players/d/dellama01.html,Matthew Dellavedova
/players/w/willike02.html,Kevin Willis
/players/n/napiesh01.html,Shabazz Napier
/players/m/mcraejo01.html,Jordan McRae
/players/c/chandty01.html,Tyson Chandler
/players/b/brownde04.html,Derrick Brown
/players/j/jamesbe01.html,Bernard James
/players/w/whittsh01.html,Shayne Whittington
/players/g/greende01.html,Devin Green
/players/c/cottobr01.html,Bryce Cotton
/players/t/thompja02.html,Jason Thompson
/players/g/gallida01.html,Danilo Gallinari
/players/p/parketo01.html,Tony Parker
/players/c/curlebi01.html,Bill Curley
/players/s/stepavl01.html,Vladimir Stepania
/players/c/colesbi01.html,Bimbo Coles
/players/p/payneca01.html,Cameron Payne
/players/d/duncati01.html,T. Duncan
/players/w/whitnch01.html,Chris Whitney
/players/p/powelka01.html,Kasib Powell
/players/h/hardeja01.html,J. Harden
/players/k/kutluib01.html,Ibo Kutluay
/players/n/nesbyty01.html,Tyrone Nesby
/players/b/butleji01.html,Jimmy Butler
/players/b/brandel01.html,Elton Brand
/players/c/collija04.html,Jason Collins
/players/m/maccuto01.html,Todd MacCulloch
/players/m/meeksjo01.html,Jodie Meeks
/players/b/besttr01.html,Travis Best
/players/e/eddieja01.html,Jarell Eddie
/players/d/dawkian01.html,Andre Dawkins
/players/t/turnemy01.html,Myles Turner
/players/k/kiddja01.html,Jason Kidd
/players/r/reidjr01.html,J.R. Reid
/players/j/jetereu01.html,Eugene Jeter
/players/e/emmetan01.html,Andre Emmett
/players/m/mcderdo01.html,Doug McDermott
/players/j/johnsni01.html,Nick Johnson
/players/a/augusja01.html,James Augustine
/players/a/anderal01.html,Alan Anderson
/players/m/marjabo01.html,Boban Marjanovic
/players/d/dinwisp01.html,Spencer Dinwiddie
/players/w/wrighde01.html,Delon Wright
/players/f/frankja01.html,Jamaal Franklin
/players/a/averywi01.html,William Avery
/players/h/hillida01.html,Darrun Hilliard
/players/j/johnsal01.html,Alexander Johnson
/players/s/stricer01.html,Erick Strickland
/players/w/willibr01.html,Brandon Williams
/players/j/jamesda01.html,Damion James
/players/m/mcneaje01.html,Jerel McNeal
/players/e/ellispe01.html,Pervis Ellison
/players/m/maggeco01.html,Corey Maggette
/players/g/griffad01.html,Adrian Griffin
/players/a/anderky01.html,Kyle Anderson
/players/m/masonro01.html,Roger Mason
/players/t/trybace01.html,Cezary Trybanski
/players/m/morrima03.html,Marcus Morris
/players/b/burksan01.html,Antonio Burks
/players/l/leoname01.html,Meyers Leonard
/players/r/richmmi01.html,Mitch Richmond
/players/a/adamsst01.html,Steven Adams
/players/u/udrihbe01.html,Beno Udrih
/players/w/woodsqy01.html,Qyntel Woods
/players/n/nestera01.html,Rasho Nesterovic
/players/b/booketr01.html,Trevor Booker
/players/h/hilarne01.html,Nene Hilario
/players/s/spanova01.html,Vassilis Spanoulis
/players/w/wrighdo01.html,Dorell Wright
/players/d/drewbr01.html,Bryce Drew
/players/h/harrilu01.html,Lucious Harris
/players/e/eliema01.html,Mario Elie
/players/l/lillada01.html,Damian Lillard
/players/t/torreos01.html,Oscar Torres
/players/a/allenra02.html,Ray Allen
/players/b/blueva01.html,Vander Blue
/players/t/taftch01.html,Chris Taft
/players/y/yuesu01.html,Sun Yue
/players/e/exumda01.html,Dante Exum
/players/j/jonespe01.html,Perry Jones
/players/h/hairsma01.html,Malik Hairston
/players/s/snower01.html,Eric Snow
/players/d/dickemi01.html,Michael Dickerson
/players/m/milleol01.html,Oliver Miller
/players/s/stiemgr01.html,Greg Stiemsma
/players/d/dalemsa01.html,Samuel Dalembert
/players/d/diopde01.html,DeSagana Diop
/players/j/jonesja02.html,James Jones
/players/e/edwarsh01.html,Shane Edwards
/players/w/westde01.html,Delonte West
/players/s/stoudam01.html,Amar'e Stoudemire
/players/r/rondora01.html,Rajon Rondo
/players/h/hamilze01.html,Zendon Hamilton
/players/c/collija03.html,Jarron Collins
/players/r/richajo01.html,Josh Richardson
/players/c/carrch01.html,Chris Carr
/players/w/willisc01.html,Scott Williams
/players/h/henryxa01.html,Xavier Henry
/players/h/herrmwa01.html,Walter Herrmann
/players/d/doolike01.html,Keyon Dooling
/players/g/gibsota01.html,Taj Gibson
/players/k/kaponja01.html,Jason Kapono
/players/p/pargoja01.html,Jannero Pargo
/players/m/mckieaa01.html,Aaron McKie
/players/p/penneki01.html,Kirk Penney
/players/j/jonesty01.html,Tyus Jones
/players/b/barrean01.html,Andre Barrett
/players/p/poweldw01.html,Dwight Powell
/players/m/mahinia01.html,Ian Mahinmi
/players/n/nocioan01.html,Andres Nocioni
/players/j/johnsjo02.html,Joe Johnson
/players/s/sandela01.html,Larry Sanders
/players/s/smithjo03.html,Josh Smith
/players/p/paulch01.html,Chris Paul
/players/s/samuesa01.html,Samardo Samuels
/players/y/youngth01.html,Thaddeus Young
/players/d/declean01.html,Andrew DeClercq
/players/s/serapke01.html,Kevin Seraphin
/players/c/cherrwi01.html,Will Cherry
/players/h/hillty01.html,Tyrone Hill
/players/b/brownkw01.html,Kwame Brown
/players/c/copelch01.html,Chris Copeland
/players/j/johnsde03.html,DerMarr Johnson
/players/g/garceru01.html,Ruben Garces
/players/j/jamesle01.html,L. James
/players/m/mitchto02.html,Tony Mitchell
/players/e/ellisla01.html,LaPhonso Ellis
/players/b/budinch01.html,Chase Budinger
/players/p/parkesm01.html,Smush Parker
/players/b/brownde02.html,Devin Brown
/players/b/brownpj01.html,P.J. Brown
/players/g/gadzuda01.html,Dan Gadzuric
/players/h/harrejo01.html,Josh Harrellson
/players/n/nedovne01.html,Nemanja Nedovic
/players/e/ekeziob01.html,Obinna Ekezie
/players/b/brockjo01.html,Jon Brockman
/players/r/reddmi01.html,Michael Redd
/players/r/robinbe01.html,Bernard Robinson
/players/b/benjaco01.html,Corey Benjamin
/players/h/harrite01.html,Terrel Harris
/players/n/noelne01.html,Nerlens Noel
/players/p/pekovni01.html,Nikola Pekovic
/players/w/weathcl01.html,Clarence Weatherspoon
/players/s/stuckro01.html,Rodney Stuckey
/players/b/boykiea01.html,Earl Boykins
/players/s/smithjr01.html,J.R. Smith
/players/s/smithje01.html,Jerry Smith
/players/b/bogutan01.html,Andrew Bogut
/players/m/macijar01.html,Arvydas Macijauskas
/players/m/marblde01.html,Devyn Marble
/players/m/mozgoti01.html,Timofey Mozgov
/players/t/tuckepj01.html,P.J. Tucker
/players/o/outlatr01.html,Travis Outlaw
/players/s/snydeki01.html,Kirk Snyder
/players/i/ilgauzy01.html,Zydrunas Ilgauskas
/players/j/jenkijo01.html,John Jenkins
/players/s/sundobr01.html,Bruno Sundov
/players/a/alexaco01.html,Cory Alexander
/players/c/caracde01.html,Derrick Caracter
/players/e/eyengch01.html,Christian Eyenga
/players/c/collima01.html,Mardy Collins
/players/s/smithja01.html,Jabari Smith
/players/g/gibsoda01.html,Daniel Gibson
/players/g/garbajo01.html,Jorge Garbajosa
/players/f/fostegr01.html,Greg Foster
/players/h/hammoto01.html,Tom Hammonds
/players/m/mcdankj01.html,K.J. McDaniels
/players/c/caffeja01.html,Jason Caffey
/players/a/archiro01.html,Robert Archibald
/players/j/johnstr01.html,Trey Johnson
/players/o/olowomi01.html,Michael Olowokandi
/players/w/whiteha01.html,Hassan Whiteside
/players/c/cartean01.html,Anthony Carter
/players/t/thomaad01.html,Adonis Thomas
/players/c/cunnida01.html,Dante Cunningham
/players/u/ubileed01.html,Edwin Ubiles
/players/d/douglto01.html,Toney Douglas
/players/r/randosh01.html,Shavlik Randolph
/players/r/roberan02.html,Anthony Roberson
/players/m/morrima02.html,Markieff Morris
/players/a/allrela01.html,Lance Allred
/players/h/higgico01.html,Cory Higgins
/players/t/teaguje01.html,Jeff Teague
/players/l/lenarvo01.html,Voshon Lenard
/players/y/youngjo01.html,Joseph Young
/players/s/silasxa01.html,Xavier Silas
/players/d/delfica01.html,Carlos Delfino
/players/h/harriel01.html,Elias Harris
/players/k/kirilan01.html,Andrei Kirilenko
/players/j/jacobca01.html,Casey Jacobsen
/players/p/plumlmi01.html,Miles Plumlee
/players/h/hughela01.html,Larry Hughes
/players/g/grantpa01.html,Paul Grant
/players/b/boganke01.html,Keith Bogans
/players/s/simmojo02.html,Jonathon Simmons
/players/p/pietrmi01.html,Mickael Pietrus
/players/d/dragigo01.html,Goran Dragic
/players/r/ramospe01.html,Peter John Ramos
/players/s/smithmi02.html,Michael Smith
/players/b/boozeca01.html,Carlos Boozer
/players/b/burksal01.html,Alec Burks
/players/w/willial02.html,Alvin Williams
/players/c/chalmma01.html,Mario Chalmers
/players/p/pricebr01.html,Brent Price
/players/l/langhda01.html,Dan Langhi
/players/h/hamiljo02.html,Jordan Hamilton
/players/s/samakso01.html,Soumaila Samake
/players/r/richano01.html,Norm Richardson
/players/m/mcfariv01.html,Ivan McFarlin
/players/g/geigema01.html,Matt Geiger
/players/a/applike01.html,Keith Appling
/players/j/jacksma02.html,Marc Jackson
/players/m/maddoti01.html,Tito Maddox
/players/p/powelno01.html,Norman Powell
/players/a/allenla01.html,Lavoy Allen
/players/w/willite01.html,Terrence Williams
/players/f/fortsco01.html,Courtney Fortson
/players/m/millere01.html,Reggie Miller
/players/s/sanchpe01.html,Pepe Sanchez
/players/l/lambje01.html,Jeremy Lamb
/players/m/malonma01.html,Matt Maloney
/players/m/mingya01.html,Yao Ming
/players/g/gildetr01.html,Trey Gilder
/players/t/thornal01.html,Al Thornton
/players/k/kempsh01.html,Shawn Kemp
/players/k/kuzmiog01.html,Ognjen Kuzmic
/players/b/brownma02.html,Markel Brown
/players/c/corbity01.html,Tyrone Corbin
/players/j/jackslu02.html,Luke Jackson
/players/s/smithmi03.html,Mike Smith
/players/r/ruckegu01.html,Guy Rucker
/players/c/croshau01.html,Austin Croshere
/players/t/tylerje01.html,Jeremy Tyler
/players/l/lawac01.html,Acie Law
/players/b/biyombi01.html,Bismack Biyombo
/players/c/chalmli01.html,Lionel Chalmers
/players/s/stoudsa01.html,Salim Stoudamire
/players/o/olajuha01.html,Hakeem Olajuwon
/players/l/lowryky01.html,Kyle Lowry
/players/s/slayta01.html,Tamar Slay
/players/v/vaughja01.html,Jacque Vaughn
/players/d/davisba01.html,Baron Davis
/players/a/ajincal01.html,Alexis Ajinca
/players/w/willima01.html,Mo Williams
/players/w/wagneda02.html,Dajuan Wagner
/players/n/netora01.html,Raul Neto
/players/b/bartowi01.html,Will Barton
/players/b/blaylmo01.html,Mookie Blaylock
/players/w/westdo01.html,Doug West
/players/g/goodwar01.html,Archie Goodwin
/players/w/wafervo01.html,Von Wafer
/players/j/johnsja02.html,JaJuan Johnson
/players/c/canaais01.html,Isaiah Canaan
/players/m/mickejo01.html,Jordan Mickey
/players/b/bensoke02.html,Keith Benson
/players/p/polynol01.html,Olden Polynice
/players/k/kaminfr01.html,Frank Kaminsky
/players/b/boothca01.html,Calvin Booth
/players/c/cartema01.html,Maurice Carter
/players/a/akognjo01.html,Josh Akognon
/players/o/ollieke01.html,Kevin Ollie
/players/c/clavevi01.html,Victor Claver
/players/m/mudiaem01.html,Emmanuel Mudiay
/players/b/belinma01.html,Marco Belinelli
/players/e/elliose01.html,Sean Elliott
/players/l/lawalga01.html,Gani Lawal
/players/f/farmede01.html,Desmon Farmer
/players/t/thomabi01.html,Billy Thomas
/players/v/vonleno01.html,Noah Vonleh
/players/l/looneke01.html,Kevon Looney
/players/p/pattela01.html,Lamar Patterson
/players/d/denglu01.html,Luol Deng
/players/d/dentmju01.html,Justin Dentmon
/players/r/rogerro01.html,Rodney Rogers
/players/e/ezelife01.html,Festus Ezeli
/players/b/bremejr01.html,J.R. Bremer
/players/b/bledser01.html,Eric Bledsoe
/players/c/crabbal01.html,Allen Crabbe
/players/m/martija01.html,Jarell Martin
/players/p/profila01.html,Laron Profit
/players/h/harpeju01.html,Justin Harper
/players/h/holidju01.html,Justin Holiday
/players/s/silerga01.html,Garret Siler
/players/m/mcgeeja01.html,JaVale McGee
/players/w/willise01.html,Sean Williams
/players/t/tskitni01.html,Nikoloz Tskitishvili
/players/m/millebr01.html,Brad Miller
/players/s/smithst03.html,Steven Smith
/players/r/russewa02.html,Walker Russell
/players/c/clarkjo01.html,Jordan Clarkson
/players/m/mitchto03.html,Tony Mitchell
/players/l/lamplse01.html,Sean Lampley
/players/k/knighbr01.html,Brevin Knight
/players/w/willish01.html,Shammond Williams
/players/g/grangda01.html,Danny Granger
/players/g/giddejr01.html,J.R. Giddens
/players/n/nunnaja01.html,James Nunnally
/players/m/mcclida01.html,Dan McClintock
/players/v/varejan01.html,Anderson Varejao
/players/n/nancela02.html,Larry Nance Jr.
/players/c/clarkea01.html,Earl Clark
/players/m/mccontj01.html,T.J. McConnell
/players/r/rideris01.html,Isaiah Rider
/players/j/jonesda02.html,Dahntay Jones
/players/o/okafoem01.html,Emeka Okafor
/players/d/dowdeza01.html,Zabian Dowdell
/players/s/stephal01.html,Alex Stepheson
/players/s/santida01.html,Daniel Santiago
/players/j/jonesfr01.html,Fred Jones
/players/t/tsakaja01.html,Jake Tsakalidis
/players/l/landrma01.html,Marcus Landry
/players/h/hudsotr01.html,Troy Hudson
/players/m/mitchsa01.html,Sam Mitchell
/players/j/johnsja01.html,James Johnson
/players/h/hasleud01.html,Udonis Haslem
/players/w/witheje01.html,Jeff Withey
/players/s/scottmi01.html,Mike Scott
/players/f/fernaru01.html,Rudy Fernandez
/players/m/markoda01.html,Damir Markota
/players/c/colemde01.html,Derrick Coleman
/players/h/harvean01.html,Antonio Harvey
/players/m/martica01.html,Cartier Martin
/players/p/pressph01.html,Phil Pressey
/players/b/bassbr01.html,Brandon Bass
/players/d/daviste01.html,Terry Davis
/players/g/guytoaj01.html,A.J. Guyton
/players/k/kiddgmi01.html,Michael Kidd-Gilchrist
/players/j/jamisan01.html,Antawn Jamison
/players/p/potapvi01.html,Vitaly Potapenko
/players/a/anderju01.html,Justin Anderson
/players/c/crawfjo01.html,Joe Crawford
/players/b/buckngr01.html,Greg Buckner
/players/h/holliro01.html,Rondae Hollis-Jefferson
/players/r/rebraze01.html,Zeljko Rebraca
/players/a/abdulma02.html,Mahmoud Abdul-Rauf
/players/m/mcgratr01.html,Tracy McGrady
/players/w/wrighch01.html,Chris Wright
/players/b/browner01.html,Ernest Brown
/players/l/leema01.html,Malcolm Lee
/players/l/lylestr01.html,Trey Lyles
/players/c/crottjo01.html,John Crotty
/players/v/veselja01.html,Jan Vesely
/players/j/jordami01.html,M. Jordan
/players/h/harrida01.html,David Harrison
/players/p/pittmde01.html,Dexter Pittman
/players/l/leuerjo01.html,Jon Leuer
/players/v/voskuja01.html,Jake Voskuhl
/players/i/inglejo01.html,Joe Ingles
/players/h/huertma01.html,Marcelo Huertas
/players/g/greenta01.html,Taurean Green
/players/b/brezepr01.html,Primoz Brezec
/players/j/johnsan02.html,Anthony Johnson
/players/f/footeje01.html,Jeff Foote
/players/t/thomaku01.html,Kurt Thomas
/players/e/ewingpa01.html,Patrick Ewing
/players/g/glynian01.html,Andreas Glyniadakis
/players/s/savovpr01.html,Predrag Savovic
/players/p/priceaj01.html,A.J. Price
/players/t/tuckeal02.html,Alando Tucker
/players/b/brownch01.html,Chucky Brown
/players/t/thomptr01.html,Tristan Thompson
/players/c/clarkco01.html,Coty Clarke
/players/t/trentga01.html,Gary Trent
/players/a/anthojo01.html,Joel Anthony
/players/a/artesro01.html,Metta World Peace
/players/w/watsoea01.html,Earl Watson
/players/k/kurzro01.html,Rob Kurz
/players/t/thorpot01.html,Otis Thorpe
/players/g/guglito01.html,Tom Gugliotta
/players/a/afflaar01.html,Arron Afflalo
/players/g/gelabmi01.html,Mickael Gelabale
/players/b/beaslmi01.html,Michael Beasley
/players/b/bowenry01.html,Ryan Bowen
/players/a/anderan02.html,Antonio Anderson
/players/b/boumtru01.html,Ruben Boumtje-Boumtje
/players/n/nichoan01.html,Andrew Nicholson
/players/m/milescj01.html,C.J. Miles
/players/d/dorsejo01.html,Joey Dorsey
/players/c/curryde01.html,Dell Curry
/players/h/hairspj02.html,P.J. Hairston
/players/m/morrite01.html,Terence Morris
/players/l/lauvejo01.html,Joffrey Lauvergne
/players/h/houseed01.html,Eddie House
/players/h/hardati01.html,Tim Hardaway
/players/r/radmavl01.html,Vladimir Radmanovic
/players/g/glovedi01.html,Dion Glover
/players/w/wallara01.html,Rasheed Wallace
/players/s/stockjo01.html,J. Stockton
/players/g/gillke01.html,Kendall Gill
/players/d/duprero01.html,Ronald Dupree
/players/b/bowmair01.html,Ira Bowman
/players/d/davidko01.html,Kornel David
/players/a/asikom01.html,Omer Asik
/players/s/simpkdi01.html,Dickey Simpkins
/players/p/paytoel01.html,Elfrid Payton
/players/w/washida01.html,Darius Washington
/players/g/goldwan01.html,Anthony Goldwire
/players/k/kittlke01.html,Kerry Kittles
/players/j/jawaina01.html,Nathan Jawai
/players/g/greenac01.html,A.C. Green
/players/e/evansre01.html,Reggie Evans
/players/c/cummivo01.html,Vonteego Cummings
/players/l/lampema01.html,Maciej Lampe
/players/l/lasmest01.html,Stephane Lasme
/players/v/vanexni01.html,Nick Van Exel
/players/p/papanko01.html,Kostas Papanikolaou
/players/l/larueru01.html,Rusty LaRue
/players/a/anthogr01.html,Greg Anthony
/players/i/ibakase01.html,Serge Ibaka
/players/m/martike01.html,Kenyon Martin
/players/f/fesenky01.html,Kyrylo Fesenko
/players/g/gutiejo01.html,Jorge Gutierrez
/players/a/atkinch01.html,Chucky Atkins
/players/s/singlky01.html,Kyle Singler
/players/m/majerda01.html,Dan Majerle
/players/m/milesda01.html,Darius Miles
/players/m/marshdo01.html,Donyell Marshall
/players/a/armstbr01.html,Brandon Armstrong
/players/h/harvedo01.html,Donnell Harvey
/players/g/greenda02.html,Danny Green
/players/d/dickada01.html,Dan Dickau
/players/c/couside01.html,DeMarcus Cousins
/players/t/traylro01.html,Robert Traylor
/players/j/jonesju01.html,Jumaine Jones
/players/w/waitedi01.html,Dion Waiters
/players/g/gordoer01.html,Eric Gordon
/players/w/willide01.html,Deron Williams
/players/s/smithch05.html,Chris Smith
/players/c/chrisdi01.html,Dionte Christmas
/players/j/josepkr01.html,Kris Joseph
/players/r/roberan03.html,Andre Roberson
/players/b/bennean01.html,Anthony Bennett
/players/p/pricero01.html,Ronnie Price
/players/c/collish01.html,Sherron Collins
/players/b/batumni01.html,Nicolas Batum
/players/h/haywala01.html,Lazar Hayward
/players/s/songada01.html,Darius Songaila
/players/h/hilljo01.html,Jordan Hill
/players/m/mohamna01.html,Nazr Mohammed
/players/r/riverau01.html,Austin Rivers
/players/m/milleda01.html,Darius Miller
/players/r/robinja02.html,James Robinson
/players/a/abdulta01.html,Tariq Abdul-Wahad
/players/e/elsonfr01.html,Francisco Elson
/players/s/stithbr01.html,Bryant Stith
/players/w/wilcoch01.html,Chris Wilcox
/players/m/millean02.html,Andre Miller
/players/d/dickeka01.html,Kaniel Dickens
/players/r/ricegl01.html,Glen Rice
/players/b/biedran01.html,Andris Biedrins
/players/b/blounma01.html,Mark Blount
/players/j/jaricma01.html,Marko Jaric
/players/a/ahearbl01.html,Blake Ahearn
/players/s/sweetmi01.html,Mike Sweetney
/players/t/tabusyu01.html,Yuta Tabuse
/players/s/shawbr01.html,Brian Shaw
/players/m/mcinnje01.html,Jeff McInnis
/players/b/barroda01.html,Dana Barros
/players/b/brackcr01.html,Craig Brackins
/players/k/khryavi01.html,Viktor Khryapa
/players/r/robined01.html,Eddie Robinson
/players/s/simsco01.html,Courtney Sims
/players/t/thomaja02.html,James Thomas
/players/s/scolalu01.html,Luis Scola
/players/b/bobbito01.html,Tony Bobbitt
/players/w/wrighch02.html,Chris Wright
/players/m/mottoha01.html,Hanno Mottola
/players/j/jeffrja01.html,Jared Jeffries
/players/w/warriha01.html,Hakim Warrick
/players/c/calatni01.html,Nick Calathes
/players/a/austiis01.html,Isaac Austin
/players/s/sloando01.html,Donald Sloan
/players/h/harrima01.html,Manny Harris
/players/b/bealbr01.html,Bradley Beal
/players/s/smithth01.html,Theron Smith
/players/s/shirlpa01.html,Paul Shirley
/players/b/banksma01.html,Marcus Banks
/players/j/jamesti01.html,Tim James
/players/f/fizerma01.html,Marcus Fizer
/players/h/harrial01.html,Al Harrington
/players/c/caldwke01.html,Kentavious Caldwell-Pope
/players/e/earlycl01.html,Cleanthony Early
/players/k/kukocto01.html,Toni Kukoc
/players/d/dedmode01.html,Dewayne Dedmon
/players/w/weaveky01.html,Kyle Weaver
/players/h/holmeri01.html,Richaun Holmes
/players/k/kravtvi01.html,Viacheslav Kravtsov
/players/p/plumlma01.html,Mason Plumlee
/players/b/bullama01.html,Matt Bullard
/players/f/freeljo01.html,Joel Freeland
/players/l/linje01.html,Jeremy Lin
/players/w/westbru01.html,Russell Westbrook
/players/w/wilcocj01.html,C.J. Wilcox
/players/d/drobnpr01.html,Predrag Drobnjak
/players/c/cambyma01.html,Marcus Camby
/players/e/evansty01.html,Tyreke Evans
/players/r/robinth01.html,Thomas Robinson
/players/j/johnsor01.html,Orlando Johnson
/players/s/sandeme01.html,Melvin Sanders
/players/j/jacksst02.html,Stephen Jackson
/players/b/bozemce01.html,Cedric Bozeman
/players/w/willimo01.html,Monty Williams
/players/f/fordal02.html,Alton Ford
/players/n/novakst01.html,Steve Novak
/players/b/butlera01.html,Rasual Butler
/players/m/mooreet01.html,E'Twaun Moore
/players/m/mcguido01.html,Dominic McGuire
/players/g/gomesry01.html,Ryan Gomes
/players/b/bogdabo02.html,Bojan Bogdanovic
/players/h/hendece02.html,Cedric Henderson
/players/p/piatker01.html,Eric Piatkowski
/players/r/russebr01.html,Bryon Russell
/players/s/satteke01.html,Kenny Satterfield
/players/c/campbel01.html,Elden Campbell
/players/h/hillgr01.html,Grant Hill
/players/n/noguelu01.html,Lucas Nogueira
/players/r/roseja01.html,Jalen Rose
/players/t/turkohe01.html,Hedo Turkoglu
/players/f/fryech01.html,Channing Frye
/players/c/childjo01.html,Josh Childress
/players/b/bohanet01.html,Etdrick Bohannon
/players/p/poweljo01.html,Josh Powell
/players/m/milesaa01.html,Aaron Miles
/players/c/causwdu01.html,Duane Causwell
/players/w/whalero01.html,Robert Whaley
/players/d/davisan01.html,Antonio Davis
/players/d/danietr01.html,Troy Daniels
/players/w/williaa01.html,Aaron Williams
/players/o/oubreke01.html,Kelly Oubre
/players/m/mutomdi01.html,Dikembe Mutombo
/players/w/wrighlo02.html,Lorenzen Wright
/players/t/thornma01.html,Marcus Thornton
/players/b/bonnema01.html,Matt Bonner
/players/h/hamilju01.html,Justin Hamilton
/players/m/marshra01.html,Rawle Marshall
/players/k/knighbr03.html,Brandon Knight
/players/b/burleke01.html,Kevin Burleson
/players/a/anderry01.html,Ryan Anderson
/players/l/lavinza01.html,Zach LaVine
/players/w/weemsso01.html,Sonny Weems
/players/b/brownde03.html,Dee Brown
/players/m/motiedo01.html,Donatas Motiejunas
/players/b/burkepa01.html,Pat Burke
/players/w/watsocj01.html,C.J. Watson
/players/m/maxieja01.html,Jason Maxiell
/players/r/ruffimi01.html,Michael Ruffin
/players/w/warretj01.html,T.J. Warren
/players/t/thabeha01.html,Hasheem Thabeet
/players/u/ukicro01.html,Roko Ukic
/players/b/bowdlca01.html,Cal Bowdler
/players/h/handlbe01.html,Ben Handlogten
/players/m/murryto01.html,Toure' Murry
/players/f/fergude01.html,Desmond Ferguson
/players/s/sessira01.html,Ramon Sessions
/players/k/korolya01.html,Yaroslav Korolev
/players/g/gatlich01.html,Chris Gatling
/players/b/benimje01.html,Jerrelle Benimon
/players/b/barneha02.html,Harrison Barnes
/players/p/perryel01.html,Elliot Perry
/players/c/crittja01.html,Javaris Crittenton
/players/j/johnsiv01.html,Ivan Johnson
/players/l/leeda02.html,David Lee
/players/j/jeffedo01.html,Dontell Jefferson
/players/k/korveky01.html,Kyle Korver
/players/v/villach01.html,Charlie Villanueva
/players/i/ilicmi01.html,Mile Ilic
/players/w/willija04.html,Jawad Williams
/players/b/brownbo02.html,Bobby Brown
/players/r/radojal01.html,Aleksandar Radojevic
/players/n/norrimo01.html,Moochie Norris
/players/m/moonja01.html,Jamario Moon
/players/g/griffed01.html,Eddie Griffin
/players/c/carrode01.html,DeMarre Carroll
/players/m/magloja01.html,Jamaal Magloire
/players/f/foylead01.html,Adonal Foyle
/players/g/greener01.html,Erick Green
/players/a/allenma01.html,Malik Allen
/players/g/gordobe01.html,Ben Gordon
/players/g/greenwi01.html,Willie Green
/players/a/amundlo01.html,Lou Amundson
/players/n/nowitdi01.html,D. Nowitzki
/players/w/willija03.html,Jay Williams
/players/a/allento01.html,Tony Allen
/players/b/bastoma01.html,Maceo Baston
/players/h/harrimi01.html,Mike Harris
/players/k/kerseje01.html,Jerome Kersey
/players/l/lucasjo02.html,John Lucas III
/players/b/bjeline01.html,Nemanja Bjelica
/players/j/johnsla02.html,Larry Johnson
/players/l/leslitr01.html,Travis Leslie
/players/f/frahmri01.html,Richie Frahm
/players/m/mariosh01.html,Shawn Marion
/players/f/fontais01.html,Isaac Fontaine
/players/r/redicjj01.html,J.J. Redick
/players/v/vromaja01.html,Jackson Vroman
/players/b/brownti01.html,Tierre Brown
/players/v/vujacsa01.html,Sasha Vujacic
/players/m/macledo01.html,Don MacLean
/players/c/crawfjo02.html,Jordan Crawford
/players/m/millsch01.html,Chris Mills
/players/b/battish01.html,Shane Battier
/players/p/poseyja01.html,James Posey
/players/h/hardaan01.html,Anfernee Hardaway
/players/j/jackja01.html,Jarrett Jack
/players/w/weartr01.html,Travis Wear
/players/o/oyedeol01.html,Olumide Oyedeji
/players/g/georgde01.html,Devean George
/players/a/alstora01.html,Rafer Alston
/players/d/davised01.html,Ed Davis
/players/b/bakervi01.html,Vin Baker
/players/g/gladnmi01.html,Mickell Gladness
/players/l/longgr01.html,Grant Long
/players/h/harride01.html,Devin Harris
/players/m/mccoyje01.html,Jelani McCoy
/players/j/jonesal01.html,Alvin Jones
/players/h/harriad01.html,Adam Harrington
/players/w/wallage01.html,Gerald Wallace
/players/p/portech01.html,Chris Porter
/players/t/thomaja01.html,Jamel Thomas
/players/i/ilyaser01.html,Ersan Ilyasova
/players/j/jacksma01.html,Mark Jackson
/players/c/chrisra01.html,Rakeem Christmas
/players/h/holidjr01.html,Jrue Holiday
/players/s/singlch01.html,Chris Singleton
/players/o/oladivi01.html,Victor Oladipo
/players/u/uzohbe01.html,Ben Uzoh
/players/c/cabocbr01.html,Bruno Caboclo
/players/w/waynsma01.html,Maalik Wayns
/players/h/hunteot01.html,Othello Hunter
/players/h/hummero01.html,Robbie Hummel
/players/f/fredeji01.html,Jimmer Fredette
/players/o/obriejj01.html,J.J. O'Brien
/players/p/pinknke01.html,Kevinn Pinkney
/players/j/jacksje01.html,Jermaine Jackson
/players/s/stricro02.html,Rod Strickland
/players/j/jonesso01.html,Solomon Jones
/players/s/sivape01.html,Peyton Siva
/players/b/brewero02.html,Ronnie Brewer
/players/r/reineja01.html,Jared Reiner
/players/l/larkish01.html,Shane Larkin
/players/m/mooremi01.html,Mikki Moore
/players/s/scalabr01.html,Brian Scalabrine
/players/b/barryjo01.html,Jon Barry
/players/h/hardati02.html,Tim Hardaway
/players/a/antetth01.html,Thanasis Antetokounmpo
/players/c/caldejo01.html,Jose Calderon
/players/d/davisri01.html,Ricky Davis
/players/d/duhonch01.html,Chris Duhon
/players/s/summeda01.html,DaJuan Summers
/players/a/armsthi01.html,Hilton Armstrong
/players/o/okafoja01.html,Jahlil Okafor
/players/s/scottsh01.html,Shawnelle Scott
/players/r/richaja01.html,Jason Richardson
/players/m/mournal01.html,Alonzo Mourning
/players/b/barnema02.html,Matt Barnes
/players/t/terryja01.html,Jason Terry
/players/l/longllu01.html,Luc Longley
/players/w/webstma02.html,Martell Webster
/players/s/snellto01.html,Tony Snell
/players/m/malonka01.html,K. Malone
/players/t/thompdi01.html,Dijon Thompson
/players/f/fordsh02.html,Sharrod Ford
/players/t/thomaty01.html,Tyrus Thomas
/players/g/geeal01.html,Alonzo Gee
/players/p/paynead01.html,Adreian Payne
/players/n/ndiayha01.html,Hamady N'Diaye
/players/m/murphke01.html,Kevin Murphy
/players/b/bradlav01.html,Avery Bradley
/players/h/hornede01.html,Dennis Horner
/players/w/weberbr01.html,Briante Weber
/players/v/vanhoke01.html,Keith Van Horn
/players/a/armstda01.html,Darrell Armstrong
/players/b/blakest01.html,Steve Blake
/players/f/felixno01.html,Noel Felix
/players/f/feltora01.html,Raymond Felton
/players/m/marshdo02.html,Donny Marshall
/players/w/welscji01.html,Jiri Welsch
/players/m/mannida01.html,Danny Manning
/players/t/thomptr02.html,Trey Thompkins
/players/a/arroyca01.html,Carlos Arroyo
/players/b/babbch01.html,Chris Babb
/players/j/joneste01.html,Terrence Jones
/players/w/woodslo01.html,Loren Woods
/players/k/kasunma01.html,Mario Kasun
/players/n/nashst01.html,Steve Nash
/players/b/bargnan01.html,Andrea Bargnani
/players/w/waltolu01.html,Luke Walton
/players/m/millemi01.html,Mike Miller
/players/z/zellelu01.html,Luke Zeller
/players/m/marshke01.html,Kendall Marshall
/players/k/keefead01.html,Adam Keefe
/players/k/kaunsa01.html,Sasha Kaun
/players/r/robinla01.html,Larry Robinson
/players/h/howarjo01.html,Josh Howard
/players/r/richach01.html,Chris Richard
/players/b/butleja01.html,Jackie Butler
/players/t/teaguma01.html,Marquis Teague
/players/k/kerrst01.html,Steve Kerr
/players/d/daviebr01.html,Brandon Davies
/players/l/langfke01.html,Keith Langford
/players/e/erdense01.html,Semih Erden
/players/p/piercpa01.html,P. Pierce
/players/m/mccolcj01.html,C.J. McCollum
/players/p/pollasc01.html,Scot Pollard
/players/r/richaje01.html,Jeremy Richardson
/players/h/huffmna01.html,Nate Huffman
/players/a/adamsjo01.html,Jordan Adams
/players/p/pavloal01.html,Sasha Pavlovic
/players/c/chandwi01.html,Wilson Chandler
/players/w/wrighbr03.html,Brandan Wright
/players/e/ebankde01.html,Devin Ebanks
/players/b/bairsca01.html,Cameron Bairstow
/players/t/tayloje03.html,Jeffery Taylor
/players/s/sesayan01.html,Ansu Sesay
/players/r/rigauan01.html,Antoine Rigaudeau
/players/b/bhullsi01.html,Sim Bhullar
/players/b/boshch01.html,Chris Bosh
/players/r/roberla01.html,Lawrence Roberts
